Workbook

Sheet Rotokennlinie
A1: Anstellwinkel | B1: Masse | C1: Zeit | D1: Drehmoment | E1: Leistung | F1: Höhendifferenz h: | G1: 0.5
A2: 30 | B2: 0.05 | C2: 9.93 | D2: =$G$2*$B2*$G$3 -> 0.004905 | E2: =IF($B2*$G$1*$G$2/$C2>0, $B2*$G$1*$G$2/$C2, NA()) -> 0.024697885 | F2: Erdbeschleunigung g: | G2: 9.81 | J2: MPP | K2: 0.02943
B3: 0.1 | C3: 10.12 | D3: =$G$2*$B3*$G$3 -> 0.00981 | E3: =IF($B3*$G$1*$G$2/$C3>0, $B3*$G$1*$G$2/$C3, NA()) -> 0.048468379 | F3: Schnurradradius r: | G3: 0.01
B4: 0.15 | C4: 11.23 | D4: =$G$2*$B4*$G$3 -> 0.014715 | E4: =IF($B4*$G$1*$G$2/$C4>0, $B4*$G$1*$G$2/$C4, NA()) -> 0.065516474
B5: 0.2 | C5: 13.73 | D5: =$G$2*$B5*$G$3 -> 0.01962 | E5: =IF($B5*$G$1*$G$2/$C5>0, $B5*$G$1*$G$2/$C5, NA()) -> 0.071449381
B6: 0.3 | C6: 16.39 | D6: =$G$2*$B6*$G$3 -> 0.02943 | E6: =IF($B6*$G$1*$G$2/$C6>0, $B6*$G$1*$G$2/$C6, NA()) -> 0.089780354
B7: 0.4 | C7: 24.07 | D7: =$G$2*$B7*$G$3 -> 0.03924 | E7: =IF($B7*$G$1*$G$2/$C7>0, $B7*$G$1*$G$2/$C7, NA()) -> 0.081512256
B8: 0.5 | C8: =NA() -> #N/A | D8: =$G$2*$B8*$G$3 -> 0.04905 | E8: =IF($B8*$G$1*$G$2/$C8>0, $B8*$G$1*$G$2/$C8, NA()) -> #N/A
B9: 0.6 | C9: =NA() -> #N/A | D9: =$G$2*$B9*$G$3 -> 0.05886 | E9: =IF($B9*$G$1*$G$2/$C9>0, $B9*$G$1*$G$2/$C9, NA()) -> #N/A
A10: 45 | B10: =$B2 -> 0.05 | C10: 10.06 | D10: =$G$2*$B10*$G$3 -> 0.004905 | E10: =IF($B10*$G$1*$G$2/$C10>0, $B10*$G$1*$G$2/$C10, NA()) -> 0.024378728
B11: =$B3 -> 0.1 | C11: 10.57 | D11: =$G$2*$B11*$G$3 -> 0.00981 | E11: =IF($B11*$G$1*$G$2/$C11>0, $B11*$G$1*$G$2/$C11, NA()) -> 0.04640492
B12: =$B4 -> 0.15 | C12: 11.01 | D12: =$G$2*$B12*$G$3 -> 0.014715 | E12: =IF($B12*$G$1*$G$2/$C12>0, $B12*$G$1*$G$2/$C12, NA()) -> 0.066825613
B13: =$B5 -> 0.2 | C13: 12.27 | D13: =$G$2*$B13*$G$3 -> 0.01962 | E13: =IF($B13*$G$1*$G$2/$C13>0, $B13*$G$1*$G$2/$C13, NA()) -> 0.0799511
B14: =$B6 -> 0.3 | C14: 15.43 | D14: =$G$2*$B14*$G$3 -> 0.02943 | E14: =IF($B14*$G$1*$G$2/$C14>0, $B14*$G$1*$G$2/$C14, NA()) -> 0.09536617
B15: =$B7 -> 0.4 | C15: 22.75 | D15: =$G$2*$B15*$G$3 -> 0.03924 | E15: =IF($B15*$G$1*$G$2/$C15>0, $B15*$G$1*$G$2/$C15, NA()) -> 0.086241758
B16: =$B8 -> 0.5 | C16: 63.3 | D16: =$G$2*$B16*$G$3 -> 0.04905 | E16: =IF($B16*$G$1*$G$2/$C16>0, $B16*$G$1*$G$2/$C16, NA()) -> 0.038744076
B17: =$B9 -> 0.6 | C17: =NA() -> #N/A | D17: =$G$2*$B17*$G$3 -> 0.05886 | E17: =IF($B17*$G$1*$G$2/$C17>0, $B17*$G$1*$G$2/$C17, NA()) -> #N/A
A18: 60 | B18: =$B10 -> 0.05 | C18: 20.96 | D18: =$G$2*$B18*$G$3 -> 0.004905 | E18: =IF($B18*$G$1*$G$2/$C18>0, $B18*$G$1*$G$2/$C18, NA()) -> 0.011700859
B19: =$B11 -> 0.1 | C19: 23.72 | D19: =$G$2*$B19*$G$3 -> 0.00981 | E19: =IF($B19*$G$1*$G$2/$C19>0, $B19*$G$1*$G$2/$C19, NA()) -> 0.020678752
B20: =$B12 -> 0.15 | C20: 25.12 | D20: =$G$2*$B20*$G$3 -> 0.014715 | E20: =IF($B20*$G$1*$G$2/$C20>0, $B20*$G$1*$G$2/$C20, NA()) -> 0.029289411
B21: =$B13 -> 0.2 | C21: 29.2 | D21: =$G$2*$B21*$G$3 -> 0.01962 | E21: =IF($B21*$G$1*$G$2/$C21>0, $B21*$G$1*$G$2/$C21, NA()) -> 0.03359589
B22: =$B14 -> 0.3 | C22: 41.5 | D22: =$G$2*$B22*$G$3 -> 0.02943 | E22: =IF($B22*$G$1*$G$2/$C22>0, $B22*$G$1*$G$2/$C22, NA()) -> 0.035457831
B23: =$B15 -> 0.4 | C23: 49.22 | D23: =$G$2*$B23*$G$3 -> 0.03924 | E23: =IF($B23*$G$1*$G$2/$C23>0, $B23*$G$1*$G$2/$C23, NA()) -> 0.039861845
B24: =$B16 -> 0.5 | C24: =NA() -> #N/A | D24: =$G$2*$B24*$G$3 -> 0.04905 | E24: =IF($B24*$G$1*$G$2/$C24>0, $B24*$G$1*$G$2/$C24, NA()) -> #N/A
B25: =$B17 -> 0.6 | C25: =NA() -> #N/A | D25: =$G$2*$B25*$G$3 -> 0.05886 | E25: =IF($B25*$G$1*$G$2/$C25>0, $B25*$G$1*$G$2/$C25, NA()) -> #N/A

Sheet Pumpenkennlinie 1
A1: Massestücke: | B1: Zeit t in s: | C1: Wassermasse m: | D1: Leistung P | E1: Drehmoment M | F1: Höhendifferenz h: | G1: 0.185
A2: 1 | B2: 30 | C2: 0 | D2: =IF($C2*$G$1*$G$2/$B2, $C2*$G$1*$G$2/$B2, NA()) -> #N/A | E2: =$G$3*$A2*$G$4*$G$2 -> 0.01103625 | F2: Erdbeschleunigung g: | G2: 9.81
A3: 2 | B3: 3.05 | C3: 0.02 | D3: =IF($C3*$G$1*$G$2/$B3, $C3*$G$1*$G$2/$B3, NA()) -> 0.011900656 | E3: =$G$3*$A3*$G$4*$G$2 -> 0.0220725 | F3: Massestückmasse: | G3: 0.05
A4: 3 | B4: 2.28 | C4: 0.024 | D4: =IF($C4*$G$1*$G$2/$B4, $C4*$G$1*$G$2/$B4, NA()) -> 0.019103684 | E4: =$G$3*$A4*$G$4*$G$2 -> 0.03310875 | F4: Schnurlaufradradius: | G4: 0.0225
A5: 4 | B5: 2.03 | C5: 0.032 | D5: =IF($C5*$G$1*$G$2/$B5, $C5*$G$1*$G$2/$B5, NA()) -> 0.028608473 | E5: =$G$3*$A5*$G$4*$G$2 -> 0.044145
A6: 5 | B6: 2.6 | C6: 0.04 | D6: =IF($C6*$G$1*$G$2/$B6, $C6*$G$1*$G$2/$B6, NA()) -> 0.027920769 | E6: =$G$3*$A6*$G$4*$G$2 -> 0.05518125
A7: 6 | B7: 2.37 | C7: 0.022 | D7: =IF($C7*$G$1*$G$2/$B7, $C7*$G$1*$G$2/$B7, NA()) -> 0.016846709 | E7: =$G$3*$A7*$G$4*$G$2 -> 0.0662175
A9: max. Lochplattenabstand = 0,5mm
A10: Exzenterabstand = 0,02m

Sheet Pumpenkennlinie 2
A1: Massestücke: | B1: Zeit t in s: | C1: Wassermasse m: | D1: Leistung P | E1: Drehmoment M | F1: Höhendifferenz h: | G1: 0.185
A2: 1 | B2: 30 | C2: 0 | D2: =IF($C2*$G$1*$G$2/$B2, $C2*$G$1*$G$2/$B2, NA()) -> #N/A | E2: =$G$3*$A2*$G$4*$G$2 -> 0.01103625 | F2: Erdbeschleunigung g: | G2: 9.81
A3: 2 | B3: 4.97 | C3: 0 | D3: =IF($C3*$G$1*$G$2/$B3, $C3*$G$1*$G$2/$B3, NA()) -> #N/A | E3: =$G$3*$A3*$G$4*$G$2 -> 0.0220725 | F3: Massestückmasse: | G3: 0.05
A4: 3 | B4: 2.94 | C4: 0 | D4: =IF($C4*$G$1*$G$2/$B4, $C4*$G$1*$G$2/$B4, NA()) -> #N/A | E4: =$G$3*$A4*$G$4*$G$2 -> 0.03310875 | F4: Schnurlaufradradius: | G4: 0.0225
A5: 4 | B5: 1.58 | C5: 0.01 | D5: =IF($C5*$G$1*$G$2/$B5, $C5*$G$1*$G$2/$B5, NA()) -> 0.011486392 | E5: =$G$3*$A5*$G$4*$G$2 -> 0.044145
A6: 5 | B6: 1.46 | C6: 0 | D6: =IF($C6*$G$1*$G$2/$B6, $C6*$G$1*$G$2/$B6, NA()) -> #N/A | E6: =$G$3*$A6*$G$4*$G$2 -> 0.05518125
A7: 6 | B7: 1.32 | C7: 0 | D7: =IF($C7*$G$1*$G$2/$B7, $C7*$G$1*$G$2/$B7, NA()) -> #N/A | E7: =$G$3*$A7*$G$4*$G$2 -> 0.0662175
A9: max. Lochplattenabstand = inf
A10: Exzenterabstand = 0,02m

Sheet Pumpenkennlinie 3
A1: Massestücke: | B1: Zeit t in s: | C1: Wassermasse m: | D1: Leistung P | E1: Drehmoment M | F1: Höhendifferenz h: | G1: 0.185
A2: 3 | B2: 3.84 | C2: 0.012 | D2: =IF($C2*$G$1*$G$2/$B2, $C2*$G$1*$G$2/$B2, NA()) -> 0.0056714063 | E2: =$G$3*$A2*$G$4*$G$2 -> 0.03310875 | F2: Erdbeschleunigung g: | G2: 9.81
A3: 3.5 | B3: 3.05 | C3: 0.03 | D3: =IF($C3*$G$1*$G$2/$B3, $C3*$G$1*$G$2/$B3, NA()) -> 0.017850984 | E3: =$G$3*$A3*$G$4*$G$2 -> 0.038626875 | F3: Massestückmasse: | G3: 0.05
A4: 4 | B4: 2.19 | C4: 0.035 | D4: =IF($C4*$G$1*$G$2/$B4, $C4*$G$1*$G$2/$B4, NA()) -> 0.029004452 | E4: =$G$3*$A4*$G$4*$G$2 -> 0.044145 | F4: Schnurlaufradradius: | G4: 0.0225
A5: 4.5 | B5: 2.06 | C5: 0.032 | D5: =IF($C5*$G$1*$G$2/$B5, $C5*$G$1*$G$2/$B5, NA()) -> 0.028191845 | E5: =$G$3*$A5*$G$4*$G$2 -> 0.049663125
A6: 5 | B6: 1.73 | C6: 0.02 | D6: =IF($C6*$G$1*$G$2/$B6, $C6*$G$1*$G$2/$B6, NA()) -> 0.020980925 | E6: =$G$3*$A6*$G$4*$G$2 -> 0.05518125
A7: 6 | B7: 1.51 | C7: 0 | D7: =IF($C7*$G$1*$G$2/$B7, $C7*$G$1*$G$2/$B7, NA()) -> #N/A | E7: =$G$3*$A7*$G$4*$G$2 -> 0.0662175
A9: max. Lochplattenabstand = 2 mm
A10: Exzenterabstand = 0,02m

Sheet Pumpenkennlinie final
A1: Massestücke: | B1: Zeit t in s: | C1: Wassermasse m: | D1: Leistung P | E1: Drehmoment M | F1: Höhendifferenz h: | G1: 0.185
A2: 3 | B2: 3.19 | C2: 0.027 | D2: =IF($C2*$G$1*$G$2/$B2, $C2*$G$1*$G$2/$B2, NA()) -> 0.015360799 | E2: =$G$3*$A2*$G$4*$G$2 -> 0.03310875 | F2: Erdbeschleunigung g: | G2: 9.81
A3: 4 | B3: 2.57 | C3: 0.04 | D3: =IF($C3*$G$1*$G$2/$B3, $C3*$G$1*$G$2/$B3, NA()) -> 0.028246693 | E3: =$G$3*$A3*$G$4*$G$2 -> 0.044145 | F3: Massestückmasse: | G3: 0.05
A4: 5 | B4: 2.15 | C4: 0.038 | D4: =IF($C4*$G$1*$G$2/$B4, $C4*$G$1*$G$2/$B4, NA()) -> 0.032076419 | E4: =$G$3*$A4*$G$4*$G$2 -> 0.05518125 | F4: Schnurlaufradradius: | G4: 0.0225
A5: 6 | B5: 2.11 | C5: 0.03 | D5: =IF($C5*$G$1*$G$2/$B5, $C5*$G$1*$G$2/$B5, NA()) -> 0.025803555 | E5: =$G$3*$A5*$G$4*$G$2 -> 0.0662175
A6: 7 | B6: 2.01 | C6: 0.02 | D6: =IF($C6*$G$1*$G$2/$B6, $C6*$G$1*$G$2/$B6, NA()) -> 0.018058209 | E6: =$G$3*$A6*$G$4*$G$2 -> 0.07725375
A9: max. Lochplattenabstand = 2 mm
A10: Exzentzerabstand = 0,0125 m
A12: MPP | B12: 0.05518
A13: I: | B13: =B12/Rotokennlinie!K2 -> 1.8749575
A14: In: | B14: =Übersetzung!B5 -> 8
A15: Out: | B15: =Übersetzung!B4 -> 15

Sheet Rotokennlinie für Plakat
A1: Anstellwinkel | B1: Masse | C1: Zeit | D1: Drehmoment | E1: Leistung | F1: Höhendifferenz h: | G1: 0.5
A2: 30 | B2: 0.05 | C2: 9.93 | D2: =$G$2*$B2*$G$3 -> 0.004905 | E2: =IF($B2*$G$1*$G$2/$C2>0, $B2*$G$1*$G$2/$C2, NA()) -> 0.024697885 | F2: Erdbeschleunigung g: | G2: 9.81 | J2: MPP | K2: 0.02943
B3: 0.1 | C3: 10.12 | D3: =$G$2*$B3*$G$3 -> 0.00981 | E3: =IF($B3*$G$1*$G$2/$C3>0, $B3*$G$1*$G$2/$C3, NA()) -> 0.048468379 | F3: Schnurradradius r: | G3: 0.01
B4: 0.15 | C4: 11.23 | D4: =$G$2*$B4*$G$3 -> 0.014715 | E4: =IF($B4*$G$1*$G$2/$C4>0, $B4*$G$1*$G$2/$C4, NA()) -> 0.065516474
B5: 0.2 | C5: 13.73 | D5: =$G$2*$B5*$G$3 -> 0.01962 | E5: =IF($B5*$G$1*$G$2/$C5>0, $B5*$G$1*$G$2/$C5, NA()) -> 0.071449381
B6: 0.3 | C6: 16.39 | D6: =$G$2*$B6*$G$3 -> 0.02943 | E6: =IF($B6*$G$1*$G$2/$C6>0, $B6*$G$1*$G$2/$C6, NA()) -> 0.089780354
B7: 0.4 | C7: 24.07 | D7: =$G$2*$B7*$G$3 -> 0.03924 | E7: =IF($B7*$G$1*$G$2/$C7>0, $B7*$G$1*$G$2/$C7, NA()) -> 0.081512256
B8: 0.5 | C8: =NA() -> #N/A | D8: =$G$2*$B8*$G$3 -> 0.04905 | E8: =IF($B8*$G$1*$G$2/$C8>0, $B8*$G$1*$G$2/$C8, NA()) -> #N/A
B9: 0.6 | C9: =NA() -> #N/A | D9: =$G$2*$B9*$G$3 -> 0.05886 | E9: =IF($B9*$G$1*$G$2/$C9>0, $B9*$G$1*$G$2/$C9, NA()) -> #N/A
A10: 45 | B10: =$B2 -> 0.05 | C10: 10.06 | D10: =$G$2*$B10*$G$3 -> 0.004905 | E10: =IF($B10*$G$1*$G$2/$C10>0, $B10*$G$1*$G$2/$C10, NA()) -> 0.024378728
B11: =$B3 -> 0.1 | C11: 10.57 | D11: =$G$2*$B11*$G$3 -> 0.00981 | E11: =IF($B11*$G$1*$G$2/$C11>0, $B11*$G$1*$G$2/$C11, NA()) -> 0.04640492
B12: =$B4 -> 0.15 | C12: 11.01 | D12: =$G$2*$B12*$G$3 -> 0.014715 | E12: =IF($B12*$G$1*$G$2/$C12>0, $B12*$G$1*$G$2/$C12, NA()) -> 0.066825613
B13: =$B5 -> 0.2 | C13: 12.27 | D13: =$G$2*$B13*$G$3 -> 0.01962 | E13: =IF($B13*$G$1*$G$2/$C13>0, $B13*$G$1*$G$2/$C13, NA()) -> 0.0799511
B14: =$B6 -> 0.3 | C14: 15.43 | D14: =$G$2*$B14*$G$3 -> 0.02943 | E14: =IF($B14*$G$1*$G$2/$C14>0, $B14*$G$1*$G$2/$C14, NA()) -> 0.09536617
B15: =$B7 -> 0.4 | C15: 22.75 | D15: =$G$2*$B15*$G$3 -> 0.03924 | E15: =IF($B15*$G$1*$G$2/$C15>0, $B15*$G$1*$G$2/$C15, NA()) -> 0.086241758
B16: =$B8 -> 0.5 | C16: 63.3 | D16: =$G$2*$B16*$G$3 -> 0.04905 | E16: =IF($B16*$G$1*$G$2/$C16>0, $B16*$G$1*$G$2/$C16, NA()) -> 0.038744076
B17: =$B9 -> 0.6 | C17: =NA() -> #N/A | D17: =$G$2*$B17*$G$3 -> 0.05886 | E17: =IF($B17*$G$1*$G$2/$C17>0, $B17*$G$1*$G$2/$C17, NA()) -> #N/A
A18: 60 | B18: =$B10 -> 0.05 | C18: 20.96 | D18: =$G$2*$B18*$G$3 -> 0.004905 | E18: =IF($B18*$G$1*$G$2/$C18>0, $B18*$G$1*$G$2/$C18, NA()) -> 0.011700859
B19: =$B11 -> 0.1 | C19: 23.72 | D19: =$G$2*$B19*$G$3 -> 0.00981 | E19: =IF($B19*$G$1*$G$2/$C19>0, $B19*$G$1*$G$2/$C19, NA()) -> 0.020678752
B20: =$B12 -> 0.15 | C20: 25.12 | D20: =$G$2*$B20*$G$3 -> 0.014715 | E20: =IF($B20*$G$1*$G$2/$C20>0, $B20*$G$1*$G$2/$C20, NA()) -> 0.029289411
B21: =$B13 -> 0.2 | C21: 29.2 | D21: =$G$2*$B21*$G$3 -> 0.01962 | E21: =IF($B21*$G$1*$G$2/$C21>0, $B21*$G$1*$G$2/$C21, NA()) -> 0.03359589
B22: =$B14 -> 0.3 | C22: 41.5 | D22: =$G$2*$B22*$G$3 -> 0.02943 | E22: =IF($B22*$G$1*$G$2/$C22>0, $B22*$G$1*$G$2/$C22, NA()) -> 0.035457831
B23: =$B15 -> 0.4 | C23: 49.22 | D23: =$G$2*$B23*$G$3 -> 0.03924 | E23: =IF($B23*$G$1*$G$2/$C23>0, $B23*$G$1*$G$2/$C23, NA()) -> 0.039861845
B24: =$B16 -> 0.5 | C24: =NA() -> #N/A | D24: =$G$2*$B24*$G$3 -> 0.04905 | E24: =IF($B24*$G$1*$G$2/$C24>0, $B24*$G$1*$G$2/$C24, NA()) -> #N/A
B25: =$B17 -> 0.6 | C25: =NA() -> #N/A | D25: =$G$2*$B25*$G$3 -> 0.05886 | E25: =IF($B25*$G$1*$G$2/$C25>0, $B25*$G$1*$G$2/$C25, NA()) -> #N/A

Sheet Pumpenkennlinie für Plakat
A1: Massestücke: | B1: Zeit t in s: | C1: Wassermasse m: | D1: Leistung P | E1: Drehmoment M | F1: Höhendifferenz h: | G1: 0.185
A2: 3 | B2: 3.19 | C2: 0.027 | D2: =IF($C2*$G$1*$G$2/$B2, $C2*$G$1*$G$2/$B2, NA()) -> 0.015360799 | E2: =$G$3*$A2*$G$4*$G$2 -> 0.03310875 | F2: Erdbeschleunigung g: | G2: 9.81
A3: 4 | B3: 2.57 | C3: 0.04 | D3: =IF($C3*$G$1*$G$2/$B3, $C3*$G$1*$G$2/$B3, NA()) -> 0.028246693 | E3: =$G$3*$A3*$G$4*$G$2 -> 0.044145 | F3: Massestückmasse: | G3: 0.05
A4: 5 | B4: 2.15 | C4: 0.038 | D4: =IF($C4*$G$1*$G$2/$B4, $C4*$G$1*$G$2/$B4, NA()) -> 0.032076419 | E4: =$G$3*$A4*$G$4*$G$2 -> 0.05518125 | F4: Schnurlaufradradius: | G4: 0.0225
A5: 6 | B5: 2.11 | C5: 0.03 | D5: =IF($C5*$G$1*$G$2/$B5, $C5*$G$1*$G$2/$B5, NA()) -> 0.025803555 | E5: =$G$3*$A5*$G$4*$G$2 -> 0.0662175
A6: 7 | B6: 2.01 | C6: 0.02 | D6: =IF($C6*$G$1*$G$2/$B6, $C6*$G$1*$G$2/$B6, NA()) -> 0.018058209 | E6: =$G$3*$A6*$G$4*$G$2 -> 0.07725375
A9: max. Lochplattenabstand = 2 mm
A10: Exzentzerabstand = 0,0125 m
A12: MPP | B12: 0.05518
A13: I: | B13: =B12/Rotokennlinie!K2 -> 1.8749575
A14: In: | B14: =Übersetzung!B5 -> 8
A15: Out: | B15: =Übersetzung!B4 -> 15

Sheet Übersetzung
A1: ='Pumpenkennlinie final'!B12 -> 0.05518 | B1: =Rotokennlinie!K2 -> 0.02943 | C1: =A$1-B$2*B$1 -> 0.02575 | D1: =B$1-C$2*C$1 -> 0.00368 | E1: =C$1-D$2*D$1 -> 0.00367
A2: =$A$1/$B$1 -> 1.8749575 | B2: =INT(A$1/B$1) -> 1 | C2: =INT(B$1/C$1) -> 1 | D2: =INT(C$1/D$1) -> 6 | E2: =INT(D$1/E$1) -> 1
A3: Näherung | B3: =B$2+IF(C$3>0,1/C$3,0) -> 1.875 | C3: =C$2+IF(D$3>0,1/D$3,0) -> 1.1428571 | D3: =D$2+IF(E$3>0,1/E$3,0) -> 7 | E3: =E$2+IF(F$3>0,1/F$3,0) -> 1
A4: Zähler | B4: =IF(C$4>0,C$4,B$2)+B$2*C$5 -> 15 | C4: =IF(D$4>0,D$4,C$2)+C$2*D$5 -> 8 | D4: =IF(E$4>0,E$4,D$2)+D$2*E$5 -> 7 | E4: =IF(F$4>0,F$4,E$2)+E$2*F$5 -> 1
A5: Nenner | B5: =IF(C$4>0, C$4, 1) -> 8 | C5: =IF(D$4>0, D$4, 1) -> 7 | D5: =IF(E$4>0, E$4, 1) -> 1 | E5: =IF(F$4>0, F$4, 1) -> 1
B6: =B$3-$A$2 -> 4.2473666e-05 | C6: =C$3-$A$2 -> -0.73210038 | D6: =D$3-$A$2 -> 5.1250425 | E6: =E$3-$A$2 -> -0.87495753
